eval,score,best,p0,p1,p2,p3,p4,p5,p6,p7
0,0.0,0.0,-1,1,0,0,-1,-1,-1,1
1,0.0,0.0,-1,1,0,0,-1,-1,-1,0
2,83.72090743284565,83.72090743284565,0,1,0,0,-1,-1,-1,1
3,-79.22903750948674,83.72090743284565,0,-1,0,0,-1,-1,-1,1
4,0.0,83.72090743284565,0,0,0,0,-1,-1,-1,1
5,0.0,83.72090743284565,0,0,0,0,-1,-1,-1,1
6,2132.6542190756327,2132.6542190756327,0,1,0,0,1,-1,-1,1
7,2282.2832082603118,2282.2832082603118,0,1,1,0,1,-1,-1,1
8,0.0,2282.2832082603118,0,-1,1,0,1,-1,-1,1
9,542.8653432318991,2282.2832082603118,0,1,1,0,1,-1,1,1
10,2371.0740130996023,2371.0740130996023,0,1,1,1,1,-1,-1,1
11,2166.461142642152,2371.0740130996023,0,1,1,-1,1,-1,-1,1
12,657.7261125505155,2371.0740130996023,0,0,1,1,1,-1,-1,1
13,1377.1174884581922,2371.0740130996023,0,1,1,1,1,-1,-1,-1
14,657.7261125505155,2371.0740130996023,0,0,1,1,1,-1,-1,1
15,589.1514213764916,2371.0740130996023,-1,1,1,1,1,-1,-1,1
16,657.7261125505155,2371.0740130996023,0,0,1,1,1,-1,-1,1
17,2780.148923527175,2780.148923527175,1,1,1,1,1,-1,-1,1
18,589.1514213764916,2780.148923527175,-1,1,1,1,1,-1,-1,1
19,2470.553500532423,2780.148923527175,1,1,1,1,0,-1,-1,1
20,589.1514213764916,2780.148923527175,-1,1,1,1,1,-1,-1,1
21,2765.958208378487,2780.148923527175,1,1,1,0,1,-1,-1,1
22,1339.2738642755885,2780.148923527175,1,1,1,1,-1,-1,-1,1
23,132.26070982341844,2780.148923527175,1,1,1,1,1,1,-1,1
24,715.5160012648229,2780.148923527175,1,-1,1,1,1,-1,-1,1
25,132.26070982341844,2780.148923527175,1,1,1,1,1,1,-1,1
26,715.0528224389111,2780.148923527175,1,1,1,1,1,-1,1,1
27,1339.2738642755885,2780.148923527175,1,1,1,1,-1,-1,-1,1
28,2734.2918020304464,2780.148923527175,1,1,-1,1,1,-1,-1,1
29,2734.2918020304464,2780.148923527175,1,1,-1,1,1,-1,-1,1
30,2263.4040480539265,2780.148923527175,1,1,1,1,1,-1,0,1
31,1559.049236871587,2780.148923527175,1,1,1,1,1,-1,-1,-1
32,2371.0740130996023,2780.148923527175,0,1,1,1,1,-1,-1,1
33,1339.2738642755885,2780.148923527175,1,1,1,1,-1,-1,-1,1
34,589.1514213764916,2780.148923527175,-1,1,1,1,1,-1,-1,1
35,2760.991900511706,2780.148923527175,1,1,0,1,1,-1,-1,1
36,132.26070982341844,2780.148923527175,1,1,1,1,1,1,-1,1
37,1339.2738642755885,2780.148923527175,1,1,1,1,-1,-1,-1,1
38,2734.2918020304464,2780.148923527175,1,1,-1,1,1,-1,-1,1
39,1559.049236871587,2780.148923527175,1,1,1,1,1,-1,-1,-1
40,2765.958208378487,2780.148923527175,1,1,1,0,1,-1,-1,1
41,1260.4223600852713,2780.148923527175,1,1,1,1,1,0,-1,1
42,2760.991900511706,2780.148923527175,1,1,0,1,1,-1,-1,1
43,2396.4820458869863,2780.148923527175,1,0,1,1,1,-1,-1,1
44,2371.0740130996023,2780.148923527175,0,1,1,1,1,-1,-1,1
45,2734.2918020304464,2780.148923527175,1,1,-1,1,1,-1,-1,1
46,2533.4660616669926,2780.148923527175,1,1,1,1,1,-1,-1,0
47,1339.2738642755885,2780.148923527175,1,1,1,1,-1,-1,-1,1
48,2371.0740130996023,2780.148923527175,0,1,1,1,1,-1,-1,1
49,2533.4660616669926,2780.148923527175,1,1,1,1,1,-1,-1,0
50,2396.4820458869863,2780.148923527175,1,0,1,1,1,-1,-1,1
51,715.5160012648229,2780.148923527175,1,-1,1,1,1,-1,-1,1
52,132.26070982341844,2780.148923527175,1,1,1,1,1,1,-1,1
53,2371.0740130996023,2780.148923527175,0,1,1,1,1,-1,-1,1
54,132.26070982341844,2780.148923527175,1,1,1,1,1,1,-1,1
55,1559.049236871587,2780.148923527175,1,1,1,1,1,-1,-1,-1
56,1339.2738642755885,2780.148923527175,1,1,1,1,-1,-1,-1,1
57,1339.2738642755885,2780.148923527175,1,1,1,1,-1,-1,-1,1
58,2734.2918020304464,2780.148923527175,1,1,-1,1,1,-1,-1,1
59,2760.991900511706,2780.148923527175,1,1,0,1,1,-1,-1,1
60,2747.380189183525,2780.148923527175,1,1,1,-1,1,-1,-1,1
61,715.0528224389111,2780.148923527175,1,1,1,1,1,-1,1,1
62,2470.553500532423,2780.148923527175,1,1,1,1,0,-1,-1,1
63,2533.4660616669926,2780.148923527175,1,1,1,1,1,-1,-1,0
64,1260.4223600852713,2780.148923527175,1,1,1,1,1,0,-1,1
65,2760.991900511706,2780.148923527175,1,1,0,1,1,-1,-1,1
66,1559.049236871587,2780.148923527175,1,1,1,1,1,-1,-1,-1
67,132.26070982341844,2780.148923527175,1,1,1,1,1,1,-1,1
68,2396.4820458869863,2780.148923527175,1,0,1,1,1,-1,-1,1
69,2747.380189183525,2780.148923527175,1,1,1,-1,1,-1,-1,1
70,1260.4223600852713,2780.148923527175,1,1,1,1,1,0,-1,1
71,589.1514213764916,2780.148923527175,-1,1,1,1,1,-1,-1,1
72,2396.4820458869863,2780.148923527175,1,0,1,1,1,-1,-1,1
73,1559.049236871587,2780.148923527175,1,1,1,1,1,-1,-1,-1
74,715.0528224389111,2780.148923527175,1,1,1,1,1,-1,1,1
75,1339.2738642755885,2780.148923527175,1,1,1,1,-1,-1,-1,1
76,2371.0740130996023,2780.148923527175,0,1,1,1,1,-1,-1,1
77,2747.380189183525,2780.148923527175,1,1,1,-1,1,-1,-1,1
78,2470.553500532423,2780.148923527175,1,1,1,1,0,-1,-1,1
79,132.26070982341844,2780.148923527175,1,1,1,1,1,1,-1,1
80,1260.4223600852713,2780.148923527175,1,1,1,1,1,0,-1,1
81,2760.991900511706,2780.148923527175,1,1,0,1,1,-1,-1,1
82,2396.4820458869863,2780.148923527175,1,0,1,1,1,-1,-1,1
83,1559.049236871587,2780.148923527175,1,1,1,1,1,-1,-1,-1
84,2396.4820458869863,2780.148923527175,1,0,1,1,1,-1,-1,1
85,2533.4660616669926,2780.148923527175,1,1,1,1,1,-1,-1,0
86,1559.049236871587,2780.148923527175,1,1,1,1,1,-1,-1,-1
87,2747.380189183525,2780.148923527175,1,1,1,-1,1,-1,-1,1
88,132.26070982341844,2780.148923527175,1,1,1,1,1,1,-1,1
89,589.1514213764916,2780.148923527175,-1,1,1,1,1,-1,-1,1
90,715.0528224389111,2780.148923527175,1,1,1,1,1,-1,1,1
91,2470.553500532423,2780.148923527175,1,1,1,1,0,-1,-1,1
92,589.1514213764916,2780.148923527175,-1,1,1,1,1,-1,-1,1
93,715.0528224389111,2780.148923527175,1,1,1,1,1,-1,1,1
94,132.26070982341844,2780.148923527175,1,1,1,1,1,1,-1,1
95,2760.991900511706,2780.148923527175,1,1,0,1,1,-1,-1,1
96,2760.991900511706,2780.148923527175,1,1,0,1,1,-1,-1,1
97,2396.4820458869863,2780.148923527175,1,0,1,1,1,-1,-1,1
98,2396.4820458869863,2780.148923527175,1,0,1,1,1,-1,-1,1
99,2371.0740130996023,2780.148923527175,0,1,1,1,1,-1,-1,1
100,2533.4660616669926,2780.148923527175,1,1,1,1,1,-1,-1,0
101,2533.4660616669926,2780.148923527175,1,1,1,1,1,-1,-1,0
102,1260.4223600852713,2780.148923527175,1,1,1,1,1,0,-1,1
103,2765.958208378487,2780.148923527175,1,1,1,0,1,-1,-1,1
104,1339.2738642755885,2780.148923527175,1,1,1,1,-1,-1,-1,1
105,589.1514213764916,2780.148923527175,-1,1,1,1,1,-1,-1,1
106,1260.4223600852713,2780.148923527175,1,1,1,1,1,0,-1,1
107,2533.4660616669926,2780.148923527175,1,1,1,1,1,-1,-1,0
108,1339.2738642755885,2780.148923527175,1,1,1,1,-1,-1,-1,1
109,132.26070982341844,2780.148923527175,1,1,1,1,1,1,-1,1
110,1339.2738642755885,2780.148923527175,1,1,1,1,-1,-1,-1,1
111,2747.380189183525,2780.148923527175,1,1,1,-1,1,-1,-1,1
112,2765.958208378487,2780.148923527175,1,1,1,0,1,-1,-1,1
113,2396.4820458869863,2780.148923527175,1,0,1,1,1,-1,-1,1
114,589.1514213764916,2780.148923527175,-1,1,1,1,1,-1,-1,1
115,715.0528224389111,2780.148923527175,1,1,1,1,1,-1,1,1
116,2760.991900511706,2780.148923527175,1,1,0,1,1,-1,-1,1
117,1260.4223600852713,2780.148923527175,1,1,1,1,1,0,-1,1
118,715.5160012648229,2780.148923527175,1,-1,1,1,1,-1,-1,1
119,2533.4660616669926,2780.148923527175,1,1,1,1,1,-1,-1,0
120,1559.049236871587,2780.148923527175,1,1,1,1,1,-1,-1,-1
121,2263.4040480539265,2780.148923527175,1,1,1,1,1,-1,0,1
122,589.1514213764916,2780.148923527175,-1,1,1,1,1,-1,-1,1
123,2396.4820458869863,2780.148923527175,1,0,1,1,1,-1,-1,1
124,2760.991900511706,2780.148923527175,1,1,0,1,1,-1,-1,1
125,715.5160012648229,2780.148923527175,1,-1,1,1,1,-1,-1,1
126,2263.4040480539265,2780.148923527175,1,1,1,1,1,-1,0,1
127,2371.0740130996023,2780.148923527175,0,1,1,1,1,-1,-1,1
128,2371.0740130996023,2780.148923527175,0,1,1,1,1,-1,-1,1
129,2760.991900511706,2780.148923527175,1,1,0,1,1,-1,-1,1
130,715.5160012648229,2780.148923527175,1,-1,1,1,1,-1,-1,1
131,2371.0740130996023,2780.148923527175,0,1,1,1,1,-1,-1,1
132,2765.958208378487,2780.148923527175,1,1,1,0,1,-1,-1,1
133,715.5160012648229,2780.148923527175,1,-1,1,1,1,-1,-1,1
134,2396.4820458869863,2780.148923527175,1,0,1,1,1,-1,-1,1
135,2371.0740130996023,2780.148923527175,0,1,1,1,1,-1,-1,1
136,1559.049236871587,2780.148923527175,1,1,1,1,1,-1,-1,-1
137,132.26070982341844,2780.148923527175,1,1,1,1,1,1,-1,1
138,2747.380189183525,2780.148923527175,1,1,1,-1,1,-1,-1,1
139,2765.958208378487,2780.148923527175,1,1,1,0,1,-1,-1,1
140,2396.4820458869863,2780.148923527175,1,0,1,1,1,-1,-1,1
141,1260.4223600852713,2780.148923527175,1,1,1,1,1,0,-1,1
142,2470.553500532423,2780.148923527175,1,1,1,1,0,-1,-1,1
143,1260.4223600852713,2780.148923527175,1,1,1,1,1,0,-1,1
144,2533.4660616669926,2780.148923527175,1,1,1,1,1,-1,-1,0
145,2765.958208378487,2780.148923527175,1,1,1,0,1,-1,-1,1
146,2263.4040480539265,2780.148923527175,1,1,1,1,1,-1,0,1
147,2371.0740130996023,2780.148923527175,0,1,1,1,1,-1,-1,1
148,715.5160012648229,2780.148923527175,1,-1,1,1,1,-1,-1,1
149,2734.2918020304464,2780.148923527175,1,1,-1,1,1,-1,-1,1
150,1260.4223600852713,2780.148923527175,1,1,1,1,1,0,-1,1
151,2747.380189183525,2780.148923527175,1,1,1,-1,1,-1,-1,1
152,2760.991900511706,2780.148923527175,1,1,0,1,1,-1,-1,1
153,1260.4223600852713,2780.148923527175,1,1,1,1,1,0,-1,1
154,715.0528224389111,2780.148923527175,1,1,1,1,1,-1,1,1
155,2371.0740130996023,2780.148923527175,0,1,1,1,1,-1,-1,1
156,715.0528224389111,2780.148923527175,1,1,1,1,1,-1,1,1
157,2263.4040480539265,2780.148923527175,1,1,1,1,1,-1,0,1
158,2371.0740130996023,2780.148923527175,0,1,1,1,1,-1,-1,1
159,2760.991900511706,2780.148923527175,1,1,0,1,1,-1,-1,1
160,2747.380189183525,2780.148923527175,1,1,1,-1,1,-1,-1,1
161,1559.049236871587,2780.148923527175,1,1,1,1,1,-1,-1,-1
162,2371.0740130996023,2780.148923527175,0,1,1,1,1,-1,-1,1
163,2371.0740130996023,2780.148923527175,0,1,1,1,1,-1,-1,1
164,715.0528224389111,2780.148923527175,1,1,1,1,1,-1,1,1
165,2760.991900511706,2780.148923527175,1,1,0,1,1,-1,-1,1
166,715.0528224389111,2780.148923527175,1,1,1,1,1,-1,1,1
167,1559.049236871587,2780.148923527175,1,1,1,1,1,-1,-1,-1
168,132.26070982341844,2780.148923527175,1,1,1,1,1,1,-1,1
169,2765.958208378487,2780.148923527175,1,1,1,0,1,-1,-1,1
170,2396.4820458869863,2780.148923527175,1,0,1,1,1,-1,-1,1
171,2533.4660616669926,2780.148923527175,1,1,1,1,1,-1,-1,0
172,2747.380189183525,2780.148923527175,1,1,1,-1,1,-1,-1,1
173,2263.4040480539265,2780.148923527175,1,1,1,1,1,-1,0,1
174,715.5160012648229,2780.148923527175,1,-1,1,1,1,-1,-1,1
175,2263.4040480539265,2780.148923527175,1,1,1,1,1,-1,0,1
176,1559.049236871587,2780.148923527175,1,1,1,1,1,-1,-1,-1
177,2263.4040480539265,2780.148923527175,1,1,1,1,1,-1,0,1
178,1339.2738642755885,2780.148923527175,1,1,1,1,-1,-1,-1,1
179,1339.2738642755885,2780.148923527175,1,1,1,1,-1,-1,-1,1
180,1559.049236871587,2780.148923527175,1,1,1,1,1,-1,-1,-1
181,2533.4660616669926,2780.148923527175,1,1,1,1,1,-1,-1,0
182,2765.958208378487,2780.148923527175,1,1,1,0,1,-1,-1,1
183,2263.4040480539265,2780.148923527175,1,1,1,1,1,-1,0,1
184,2533.4660616669926,2780.148923527175,1,1,1,1,1,-1,-1,0
185,1339.2738642755885,2780.148923527175,1,1,1,1,-1,-1,-1,1
186,715.5160012648229,2780.148923527175,1,-1,1,1,1,-1,-1,1
187,2747.380189183525,2780.148923527175,1,1,1,-1,1,-1,-1,1
188,2263.4040480539265,2780.148923527175,1,1,1,1,1,-1,0,1
189,589.1514213764916,2780.148923527175,-1,1,1,1,1,-1,-1,1
190,715.5160012648229,2780.148923527175,1,-1,1,1,1,-1,-1,1
191,715.5160012648229,2780.148923527175,1,-1,1,1,1,-1,-1,1
192,2760.991900511706,2780.148923527175,1,1,0,1,1,-1,-1,1
193,2371.0740130996023,2780.148923527175,0,1,1,1,1,-1,-1,1
194,2533.4660616669926,2780.148923527175,1,1,1,1,1,-1,-1,0
195,1260.4223600852713,2780.148923527175,1,1,1,1,1,0,-1,1
196,1559.049236871587,2780.148923527175,1,1,1,1,1,-1,-1,-1
197,2371.0740130996023,2780.148923527175,0,1,1,1,1,-1,-1,1
198,1559.049236871587,2780.148923527175,1,1,1,1,1,-1,-1,-1
199,132.26070982341844,2780.148923527175,1,1,1,1,1,1,-1,1
200,589.1514213764916,2780.148923527175,-1,1,1,1,1,-1,-1,1
201,589.1514213764916,2780.148923527175,-1,1,1,1,1,-1,-1,1
202,2396.4820458869863,2780.148923527175,1,0,1,1,1,-1,-1,1
203,2470.553500532423,2780.148923527175,1,1,1,1,0,-1,-1,1
204,715.0528224389111,2780.148923527175,1,1,1,1,1,-1,1,1
205,589.1514213764916,2780.148923527175,-1,1,1,1,1,-1,-1,1
206,1260.4223600852713,2780.148923527175,1,1,1,1,1,0,-1,1
207,132.26070982341844,2780.148923527175,1,1,1,1,1,1,-1,1
208,2765.958208378487,2780.148923527175,1,1,1,0,1,-1,-1,1
209,2765.958208378487,2780.148923527175,1,1,1,0,1,-1,-1,1
210,2470.553500532423,2780.148923527175,1,1,1,1,0,-1,-1,1
211,2533.4660616669926,2780.148923527175,1,1,1,1,1,-1,-1,0
212,715.0528224389111,2780.148923527175,1,1,1,1,1,-1,1,1
213,2747.380189183525,2780.148923527175,1,1,1,-1,1,-1,-1,1
214,2765.958208378487,2780.148923527175,1,1,1,0,1,-1,-1,1
215,2765.958208378487,2780.148923527175,1,1,1,0,1,-1,-1,1
216,2263.4040480539265,2780.148923527175,1,1,1,1,1,-1,0,1
217,1260.4223600852713,2780.148923527175,1,1,1,1,1,0,-1,1
218,2263.4040480539265,2780.148923527175,1,1,1,1,1,-1,0,1
219,2765.958208378487,2780.148923527175,1,1,1,0,1,-1,-1,1
220,1559.049236871587,2780.148923527175,1,1,1,1,1,-1,-1,-1
221,715.0528224389111,2780.148923527175,1,1,1,1,1,-1,1,1
222,2765.958208378487,2780.148923527175,1,1,1,0,1,-1,-1,1
223,2263.4040480539265,2780.148923527175,1,1,1,1,1,-1,0,1
224,1260.4223600852713,2780.148923527175,1,1,1,1,1,0,-1,1
225,2470.553500532423,2780.148923527175,1,1,1,1,0,-1,-1,1
226,1260.4223600852713,2780.148923527175,1,1,1,1,1,0,-1,1
227,2470.553500532423,2780.148923527175,1,1,1,1,0,-1,-1,1
228,2470.553500532423,2780.148923527175,1,1,1,1,0,-1,-1,1
229,132.26070982341844,2780.148923527175,1,1,1,1,1,1,-1,1
230,2263.4040480539265,2780.148923527175,1,1,1,1,1,-1,0,1
231,2371.0740130996023,2780.148923527175,0,1,1,1,1,-1,-1,1
232,2263.4040480539265,2780.148923527175,1,1,1,1,1,-1,0,1
233,2533.4660616669926,2780.148923527175,1,1,1,1,1,-1,-1,0
234,2533.4660616669926,2780.148923527175,1,1,1,1,1,-1,-1,0
235,589.1514213764916,2780.148923527175,-1,1,1,1,1,-1,-1,1
236,2470.553500532423,2780.148923527175,1,1,1,1,0,-1,-1,1
237,2263.4040480539265,2780.148923527175,1,1,1,1,1,-1,0,1
238,2734.2918020304464,2780.148923527175,1,1,-1,1,1,-1,-1,1
239,2396.4820458869863,2780.148923527175,1,0,1,1,1,-1,-1,1
240,1260.4223600852713,2780.148923527175,1,1,1,1,1,0,-1,1
241,2470.553500532423,2780.148923527175,1,1,1,1,0,-1,-1,1
242,2747.380189183525,2780.148923527175,1,1,1,-1,1,-1,-1,1
243,2765.958208378487,2780.148923527175,1,1,1,0,1,-1,-1,1
244,2747.380189183525,2780.148923527175,1,1,1,-1,1,-1,-1,1
245,1260.4223600852713,2780.148923527175,1,1,1,1,1,0,-1,1
246,132.26070982341844,2780.148923527175,1,1,1,1,1,1,-1,1
247,2765.958208378487,2780.148923527175,1,1,1,0,1,-1,-1,1
248,1559.049236871587,2780.148923527175,1,1,1,1,1,-1,-1,-1
249,2734.2918020304464,2780.148923527175,1,1,-1,1,1,-1,-1,1
250,1339.2738642755885,2780.148923527175,1,1,1,1,-1,-1,-1,1
251,1559.049236871587,2780.148923527175,1,1,1,1,1,-1,-1,-1
252,1260.4223600852713,2780.148923527175,1,1,1,1,1,0,-1,1
253,2760.991900511706,2780.148923527175,1,1,0,1,1,-1,-1,1
254,715.0528224389111,2780.148923527175,1,1,1,1,1,-1,1,1
255,2470.553500532423,2780.148923527175,1,1,1,1,0,-1,-1,1
256,589.1514213764916,2780.148923527175,-1,1,1,1,1,-1,-1,1
257,1339.2738642755885,2780.148923527175,1,1,1,1,-1,-1,-1,1
258,2734.2918020304464,2780.148923527175,1,1,-1,1,1,-1,-1,1
259,2747.380189183525,2780.148923527175,1,1,1,-1,1,-1,-1,1
260,132.26070982341844,2780.148923527175,1,1,1,1,1,1,-1,1
261,2760.991900511706,2780.148923527175,1,1,0,1,1,-1,-1,1
262,1260.4223600852713,2780.148923527175,1,1,1,1,1,0,-1,1
263,1339.2738642755885,2780.148923527175,1,1,1,1,-1,-1,-1,1
264,2765.958208378487,2780.148923527175,1,1,1,0,1,-1,-1,1
265,2371.0740130996023,2780.148923527175,0,1,1,1,1,-1,-1,1
266,1559.049236871587,2780.148923527175,1,1,1,1,1,-1,-1,-1
267,2533.4660616669926,2780.148923527175,1,1,1,1,1,-1,-1,0
268,2533.4660616669926,2780.148923527175,1,1,1,1,1,-1,-1,0
269,2470.553500532423,2780.148923527175,1,1,1,1,0,-1,-1,1
270,715.5160012648229,2780.148923527175,1,-1,1,1,1,-1,-1,1
271,1339.2738642755885,2780.148923527175,1,1,1,1,-1,-1,-1,1
272,1339.2738642755885,2780.148923527175,1,1,1,1,-1,-1,-1,1
273,1260.4223600852713,2780.148923527175,1,1,1,1,1,0,-1,1
274,1260.4223600852713,2780.148923527175,1,1,1,1,1,0,-1,1
275,2396.4820458869863,2780.148923527175,1,0,1,1,1,-1,-1,1
276,1260.4223600852713,2780.148923527175,1,1,1,1,1,0,-1,1
277,2533.4660616669926,2780.148923527175,1,1,1,1,1,-1,-1,0
278,2765.958208378487,2780.148923527175,1,1,1,0,1,-1,-1,1
279,2371.0740130996023,2780.148923527175,0,1,1,1,1,-1,-1,1
280,2533.4660616669926,2780.148923527175,1,1,1,1,1,-1,-1,0
281,2470.553500532423,2780.148923527175,1,1,1,1,0,-1,-1,1
282,2371.0740130996023,2780.148923527175,0,1,1,1,1,-1,-1,1
283,1260.4223600852713,2780.148923527175,1,1,1,1,1,0,-1,1
284,715.5160012648229,2780.148923527175,1,-1,1,1,1,-1,-1,1
285,2371.0740130996023,2780.148923527175,0,1,1,1,1,-1,-1,1
286,715.0528224389111,2780.148923527175,1,1,1,1,1,-1,1,1
287,2396.4820458869863,2780.148923527175,1,0,1,1,1,-1,-1,1
288,2263.4040480539265,2780.148923527175,1,1,1,1,1,-1,0,1
289,2396.4820458869863,2780.148923527175,1,0,1,1,1,-1,-1,1
290,2747.380189183525,2780.148923527175,1,1,1,-1,1,-1,-1,1
291,2533.4660616669926,2780.148923527175,1,1,1,1,1,-1,-1,0
292,2470.553500532423,2780.148923527175,1,1,1,1,0,-1,-1,1
293,2765.958208378487,2780.148923527175,1,1,1,0,1,-1,-1,1
294,1559.049236871587,2780.148923527175,1,1,1,1,1,-1,-1,-1
295,2371.0740130996023,2780.148923527175,0,1,1,1,1,-1,-1,1
296,2765.958208378487,2780.148923527175,1,1,1,0,1,-1,-1,1
297,2734.2918020304464,2780.148923527175,1,1,-1,1,1,-1,-1,1
298,1260.4223600852713,2780.148923527175,1,1,1,1,1,0,-1,1
299,132.26070982341844,2780.148923527175,1,1,1,1,1,1,-1,1
300,2371.0740130996023,2780.148923527175,0,1,1,1,1,-1,-1,1
301,2371.0740130996023,2780.148923527175,0,1,1,1,1,-1,-1,1
302,2734.2918020304464,2780.148923527175,1,1,-1,1,1,-1,-1,1
303,2533.4660616669926,2780.148923527175,1,1,1,1,1,-1,-1,0
304,715.0528224389111,2780.148923527175,1,1,1,1,1,-1,1,1
305,2470.553500532423,2780.148923527175,1,1,1,1,0,-1,-1,1
306,1339.2738642755885,2780.148923527175,1,1,1,1,-1,-1,-1,1
307,1339.2738642755885,2780.148923527175,1,1,1,1,-1,-1,-1,1
308,2533.4660616669926,2780.148923527175,1,1,1,1,1,-1,-1,0
309,2263.4040480539265,2780.148923527175,1,1,1,1,1,-1,0,1
310,2533.4660616669926,2780.148923527175,1,1,1,1,1,-1,-1,0
311,2747.380189183525,2780.148923527175,1,1,1,-1,1,-1,-1,1
312,2371.0740130996023,2780.148923527175,0,1,1,1,1,-1,-1,1
313,2747.380189183525,2780.148923527175,1,1,1,-1,1,-1,-1,1
314,1559.049236871587,2780.148923527175,1,1,1,1,1,-1,-1,-1
315,1339.2738642755885,2780.148923527175,1,1,1,1,-1,-1,-1,1
316,715.0528224389111,2780.148923527175,1,1,1,1,1,-1,1,1
317,2760.991900511706,2780.148923527175,1,1,0,1,1,-1,-1,1
318,1559.049236871587,2780.148923527175,1,1,1,1,1,-1,-1,-1
319,589.1514213764916,2780.148923527175,-1,1,1,1,1,-1,-1,1
320,2734.2918020304464,2780.148923527175,1,1,-1,1,1,-1,-1,1
321,1559.049236871587,2780.148923527175,1,1,1,1,1,-1,-1,-1
322,715.5160012648229,2780.148923527175,1,-1,1,1,1,-1,-1,1
323,589.1514213764916,2780.148923527175,-1,1,1,1,1,-1,-1,1
324,2470.553500532423,2780.148923527175,1,1,1,1,0,-1,-1,1
325,715.5160012648229,2780.148923527175,1,-1,1,1,1,-1,-1,1
326,2760.991900511706,2780.148923527175,1,1,0,1,1,-1,-1,1
327,2747.380189183525,2780.148923527175,1,1,1,-1,1,-1,-1,1
328,1339.2738642755885,2780.148923527175,1,1,1,1,-1,-1,-1,1
329,715.0528224389111,2780.148923527175,1,1,1,1,1,-1,1,1
330,715.5160012648229,2780.148923527175,1,-1,1,1,1,-1,-1,1
331,2765.958208378487,2780.148923527175,1,1,1,0,1,-1,-1,1
332,132.26070982341844,2780.148923527175,1,1,1,1,1,1,-1,1
333,2533.4660616669926,2780.148923527175,1,1,1,1,1,-1,-1,0
334,2263.4040480539265,2780.148923527175,1,1,1,1,1,-1,0,1
335,2760.991900511706,2780.148923527175,1,1,0,1,1,-1,-1,1
336,589.1514213764916,2780.148923527175,-1,1,1,1,1,-1,-1,1
337,2765.958208378487,2780.148923527175,1,1,1,0,1,-1,-1,1
338,715.5160012648229,2780.148923527175,1,-1,1,1,1,-1,-1,1
339,2533.4660616669926,2780.148923527175,1,1,1,1,1,-1,-1,0
340,2760.991900511706,2780.148923527175,1,1,0,1,1,-1,-1,1
341,2734.2918020304464,2780.148923527175,1,1,-1,1,1,-1,-1,1
342,2396.4820458869863,2780.148923527175,1,0,1,1,1,-1,-1,1
343,2765.958208378487,2780.148923527175,1,1,1,0,1,-1,-1,1
344,715.5160012648229,2780.148923527175,1,-1,1,1,1,-1,-1,1
345,1339.2738642755885,2780.148923527175,1,1,1,1,-1,-1,-1,1
346,715.5160012648229,2780.148923527175,1,-1,1,1,1,-1,-1,1
347,1339.2738642755885,2780.148923527175,1,1,1,1,-1,-1,-1,1
348,132.26070982341844,2780.148923527175,1,1,1,1,1,1,-1,1
349,715.0528224389111,2780.148923527175,1,1,1,1,1,-1,1,1
350,1339.2738642755885,2780.148923527175,1,1,1,1,-1,-1,-1,1
351,715.5160012648229,2780.148923527175,1,-1,1,1,1,-1,-1,1
352,2396.4820458869863,2780.148923527175,1,0,1,1,1,-1,-1,1
353,715.5160012648229,2780.148923527175,1,-1,1,1,1,-1,-1,1
354,715.5160012648229,2780.148923527175,1,-1,1,1,1,-1,-1,1
355,589.1514213764916,2780.148923527175,-1,1,1,1,1,-1,-1,1
356,1559.049236871587,2780.148923527175,1,1,1,1,1,-1,-1,-1
357,1260.4223600852713,2780.148923527175,1,1,1,1,1,0,-1,1
358,2760.991900511706,2780.148923527175,1,1,0,1,1,-1,-1,1
359,1339.2738642755885,2780.148923527175,1,1,1,1,-1,-1,-1,1
360,2765.958208378487,2780.148923527175,1,1,1,0,1,-1,-1,1
361,2533.4660616669926,2780.148923527175,1,1,1,1,1,-1,-1,0
362,715.5160012648229,2780.148923527175,1,-1,1,1,1,-1,-1,1
363,715.0528224389111,2780.148923527175,1,1,1,1,1,-1,1,1
364,1339.2738642755885,2780.148923527175,1,1,1,1,-1,-1,-1,1
365,589.1514213764916,2780.148923527175,-1,1,1,1,1,-1,-1,1
366,2470.553500532423,2780.148923527175,1,1,1,1,0,-1,-1,1
367,2371.0740130996023,2780.148923527175,0,1,1,1,1,-1,-1,1
368,2760.991900511706,2780.148923527175,1,1,0,1,1,-1,-1,1
369,715.0528224389111,2780.148923527175,1,1,1,1,1,-1,1,1
370,715.5160012648229,2780.148923527175,1,-1,1,1,1,-1,-1,1
371,2371.0740130996023,2780.148923527175,0,1,1,1,1,-1,-1,1
372,2263.4040480539265,2780.148923527175,1,1,1,1,1,-1,0,1
373,715.5160012648229,2780.148923527175,1,-1,1,1,1,-1,-1,1
374,2470.553500532423,2780.148923527175,1,1,1,1,0,-1,-1,1
375,2263.4040480539265,2780.148923527175,1,1,1,1,1,-1,0,1
376,2371.0740130996023,2780.148923527175,0,1,1,1,1,-1,-1,1
377,2533.4660616669926,2780.148923527175,1,1,1,1,1,-1,-1,0
378,2734.2918020304464,2780.148923527175,1,1,-1,1,1,-1,-1,1
379,1339.2738642755885,2780.148923527175,1,1,1,1,-1,-1,-1,1
380,2263.4040480539265,2780.148923527175,1,1,1,1,1,-1,0,1
381,2734.2918020304464,2780.148923527175,1,1,-1,1,1,-1,-1,1
382,715.5160012648229,2780.148923527175,1,-1,1,1,1,-1,-1,1
383,2734.2918020304464,2780.148923527175,1,1,-1,1,1,-1,-1,1
384,2470.553500532423,2780.148923527175,1,1,1,1,0,-1,-1,1
385,2533.4660616669926,2780.148923527175,1,1,1,1,1,-1,-1,0
386,2765.958208378487,2780.148923527175,1,1,1,0,1,-1,-1,1
387,2765.958208378487,2780.148923527175,1,1,1,0,1,-1,-1,1
388,132.26070982341844,2780.148923527175,1,1,1,1,1,1,-1,1
389,2263.4040480539265,2780.148923527175,1,1,1,1,1,-1,0,1
390,2747.380189183525,2780.148923527175,1,1,1,-1,1,-1,-1,1
391,2470.553500532423,2780.148923527175,1,1,1,1,0,-1,-1,1
392,2765.958208378487,2780.148923527175,1,1,1,0,1,-1,-1,1
393,589.1514213764916,2780.148923527175,-1,1,1,1,1,-1,-1,1
394,2263.4040480539265,2780.148923527175,1,1,1,1,1,-1,0,1
395,2747.380189183525,2780.148923527175,1,1,1,-1,1,-1,-1,1
396,715.0528224389111,2780.148923527175,1,1,1,1,1,-1,1,1
397,2734.2918020304464,2780.148923527175,1,1,-1,1,1,-1,-1,1
398,2263.4040480539265,2780.148923527175,1,1,1,1,1,-1,0,1
399,2371.0740130996023,2780.148923527175,0,1,1,1,1,-1,-1,1
400,715.0528224389111,2780.148923527175,1,1,1,1,1,-1,1,1
401,2533.4660616669926,2780.148923527175,1,1,1,1,1,-1,-1,0
402,2396.4820458869863,2780.148923527175,1,0,1,1,1,-1,-1,1
403,2734.2918020304464,2780.148923527175,1,1,-1,1,1,-1,-1,1
404,2470.553500532423,2780.148923527175,1,1,1,1,0,-1,-1,1
405,132.26070982341844,2780.148923527175,1,1,1,1,1,1,-1,1
406,589.1514213764916,2780.148923527175,-1,1,1,1,1,-1,-1,1
407,589.1514213764916,2780.148923527175,-1,1,1,1,1,-1,-1,1
408,715.0528224389111,2780.148923527175,1,1,1,1,1,-1,1,1
409,589.1514213764916,2780.148923527175,-1,1,1,1,1,-1,-1,1
410,1559.049236871587,2780.148923527175,1,1,1,1,1,-1,-1,-1
411,2734.2918020304464,2780.148923527175,1,1,-1,1,1,-1,-1,1
412,2371.0740130996023,2780.148923527175,0,1,1,1,1,-1,-1,1
413,1559.049236871587,2780.148923527175,1,1,1,1,1,-1,-1,-1
414,715.5160012648229,2780.148923527175,1,-1,1,1,1,-1,-1,1
415,2734.2918020304464,2780.148923527175,1,1,-1,1,1,-1,-1,1
416,589.1514213764916,2780.148923527175,-1,1,1,1,1,-1,-1,1
417,1559.049236871587,2780.148923527175,1,1,1,1,1,-1,-1,-1
418,2765.958208378487,2780.148923527175,1,1,1,0,1,-1,-1,1
419,2765.958208378487,2780.148923527175,1,1,1,0,1,-1,-1,1
420,2734.2918020304464,2780.148923527175,1,1,-1,1,1,-1,-1,1
421,2760.991900511706,2780.148923527175,1,1,0,1,1,-1,-1,1
422,2396.4820458869863,2780.148923527175,1,0,1,1,1,-1,-1,1
423,1260.4223600852713,2780.148923527175,1,1,1,1,1,0,-1,1
424,1559.049236871587,2780.148923527175,1,1,1,1,1,-1,-1,-1
425,2263.4040480539265,2780.148923527175,1,1,1,1,1,-1,0,1
426,715.5160012648229,2780.148923527175,1,-1,1,1,1,-1,-1,1
427,2263.4040480539265,2780.148923527175,1,1,1,1,1,-1,0,1
428,2371.0740130996023,2780.148923527175,0,1,1,1,1,-1,-1,1
429,132.26070982341844,2780.148923527175,1,1,1,1,1,1,-1,1
430,715.0528224389111,2780.148923527175,1,1,1,1,1,-1,1,1
431,1559.049236871587,2780.148923527175,1,1,1,1,1,-1,-1,-1
432,1339.2738642755885,2780.148923527175,1,1,1,1,-1,-1,-1,1
433,2263.4040480539265,2780.148923527175,1,1,1,1,1,-1,0,1
434,2765.958208378487,2780.148923527175,1,1,1,0,1,-1,-1,1
435,2470.553500532423,2780.148923527175,1,1,1,1,0,-1,-1,1
436,2734.2918020304464,2780.148923527175,1,1,-1,1,1,-1,-1,1
437,2470.553500532423,2780.148923527175,1,1,1,1,0,-1,-1,1
438,589.1514213764916,2780.148923527175,-1,1,1,1,1,-1,-1,1
439,2747.380189183525,2780.148923527175,1,1,1,-1,1,-1,-1,1
440,1559.049236871587,2780.148923527175,1,1,1,1,1,-1,-1,-1
441,2734.2918020304464,2780.148923527175,1,1,-1,1,1,-1,-1,1
442,715.5160012648229,2780.148923527175,1,-1,1,1,1,-1,-1,1
443,2533.4660616669926,2780.148923527175,1,1,1,1,1,-1,-1,0
444,2470.553500532423,2780.148923527175,1,1,1,1,0,-1,-1,1
445,1260.4223600852713,2780.148923527175,1,1,1,1,1,0,-1,1
446,1260.4223600852713,2780.148923527175,1,1,1,1,1,0,-1,1
447,1559.049236871587,2780.148923527175,1,1,1,1,1,-1,-1,-1
448,2470.553500532423,2780.148923527175,1,1,1,1,0,-1,-1,1
449,589.1514213764916,2780.148923527175,-1,1,1,1,1,-1,-1,1
450,1559.049236871587,2780.148923527175,1,1,1,1,1,-1,-1,-1
451,2760.991900511706,2780.148923527175,1,1,0,1,1,-1,-1,1
452,715.0528224389111,2780.148923527175,1,1,1,1,1,-1,1,1
453,2470.553500532423,2780.148923527175,1,1,1,1,0,-1,-1,1
454,2734.2918020304464,2780.148923527175,1,1,-1,1,1,-1,-1,1
455,2747.380189183525,2780.148923527175,1,1,1,-1,1,-1,-1,1
456,2765.958208378487,2780.148923527175,1,1,1,0,1,-1,-1,1
457,589.1514213764916,2780.148923527175,-1,1,1,1,1,-1,-1,1
458,715.0528224389111,2780.148923527175,1,1,1,1,1,-1,1,1
459,2765.958208378487,2780.148923527175,1,1,1,0,1,-1,-1,1
460,2470.553500532423,2780.148923527175,1,1,1,1,0,-1,-1,1
461,2765.958208378487,2780.148923527175,1,1,1,0,1,-1,-1,1
462,589.1514213764916,2780.148923527175,-1,1,1,1,1,-1,-1,1
463,132.26070982341844,2780.148923527175,1,1,1,1,1,1,-1,1
464,1559.049236871587,2780.148923527175,1,1,1,1,1,-1,-1,-1
465,2470.553500532423,2780.148923527175,1,1,1,1,0,-1,-1,1
466,2765.958208378487,2780.148923527175,1,1,1,0,1,-1,-1,1
467,2371.0740130996023,2780.148923527175,0,1,1,1,1,-1,-1,1
468,2734.2918020304464,2780.148923527175,1,1,-1,1,1,-1,-1,1
469,2371.0740130996023,2780.148923527175,0,1,1,1,1,-1,-1,1
470,2533.4660616669926,2780.148923527175,1,1,1,1,1,-1,-1,0
471,2734.2918020304464,2780.148923527175,1,1,-1,1,1,-1,-1,1
472,715.5160012648229,2780.148923527175,1,-1,1,1,1,-1,-1,1
473,2760.991900511706,2780.148923527175,1,1,0,1,1,-1,-1,1
474,1260.4223600852713,2780.148923527175,1,1,1,1,1,0,-1,1
475,589.1514213764916,2780.148923527175,-1,1,1,1,1,-1,-1,1
476,715.0528224389111,2780.148923527175,1,1,1,1,1,-1,1,1
477,2396.4820458869863,2780.148923527175,1,0,1,1,1,-1,-1,1
478,1559.049236871587,2780.148923527175,1,1,1,1,1,-1,-1,-1
479,2760.991900511706,2780.148923527175,1,1,0,1,1,-1,-1,1
480,2263.4040480539265,2780.148923527175,1,1,1,1,1,-1,0,1
481,2470.553500532423,2780.148923527175,1,1,1,1,0,-1,-1,1
482,2263.4040480539265,2780.148923527175,1,1,1,1,1,-1,0,1
483,715.0528224389111,2780.148923527175,1,1,1,1,1,-1,1,1
484,715.5160012648229,2780.148923527175,1,-1,1,1,1,-1,-1,1
485,2747.380189183525,2780.148923527175,1,1,1,-1,1,-1,-1,1
486,2765.958208378487,2780.148923527175,1,1,1,0,1,-1,-1,1
487,1339.2738642755885,2780.148923527175,1,1,1,1,-1,-1,-1,1
488,715.0528224389111,2780.148923527175,1,1,1,1,1,-1,1,1
489,715.0528224389111,2780.148923527175,1,1,1,1,1,-1,1,1
490,2470.553500532423,2780.148923527175,1,1,1,1,0,-1,-1,1
491,715.0528224389111,2780.148923527175,1,1,1,1,1,-1,1,1
492,1559.049236871587,2780.148923527175,1,1,1,1,1,-1,-1,-1
493,589.1514213764916,2780.148923527175,-1,1,1,1,1,-1,-1,1
494,1559.049236871587,2780.148923527175,1,1,1,1,1,-1,-1,-1
495,2760.991900511706,2780.148923527175,1,1,0,1,1,-1,-1,1
496,2396.4820458869863,2780.148923527175,1,0,1,1,1,-1,-1,1
497,2263.4040480539265,2780.148923527175,1,1,1,1,1,-1,0,1
498,1559.049236871587,2780.148923527175,1,1,1,1,1,-1,-1,-1
499,589.1514213764916,2780.148923527175,-1,1,1,1,1,-1,-1,1
500,2371.0740130996023,2780.148923527175,0,1,1,1,1,-1,-1,1
501,715.0528224389111,2780.148923527175,1,1,1,1,1,-1,1,1
502,2734.2918020304464,2780.148923527175,1,1,-1,1,1,-1,-1,1
503,2263.4040480539265,2780.148923527175,1,1,1,1,1,-1,0,1
504,2396.4820458869863,2780.148923527175,1,0,1,1,1,-1,-1,1
505,132.26070982341844,2780.148923527175,1,1,1,1,1,1,-1,1
506,715.0528224389111,2780.148923527175,1,1,1,1,1,-1,1,1
507,1559.049236871587,2780.148923527175,1,1,1,1,1,-1,-1,-1
508,715.0528224389111,2780.148923527175,1,1,1,1,1,-1,1,1
509,1260.4223600852713,2780.148923527175,1,1,1,1,1,0,-1,1
510,1339.2738642755885,2780.148923527175,1,1,1,1,-1,-1,-1,1
511,1559.049236871587,2780.148923527175,1,1,1,1,1,-1,-1,-1
512,132.26070982341844,2780.148923527175,1,1,1,1,1,1,-1,1
513,589.1514213764916,2780.148923527175,-1,1,1,1,1,-1,-1,1
514,589.1514213764916,2780.148923527175,-1,1,1,1,1,-1,-1,1
515,2396.4820458869863,2780.148923527175,1,0,1,1,1,-1,-1,1
516,2747.380189183525,2780.148923527175,1,1,1,-1,1,-1,-1,1
517,1260.4223600852713,2780.148923527175,1,1,1,1,1,0,-1,1
518,2470.553500532423,2780.148923527175,1,1,1,1,0,-1,-1,1
519,715.5160012648229,2780.148923527175,1,-1,1,1,1,-1,-1,1
520,1260.4223600852713,2780.148923527175,1,1,1,1,1,0,-1,1
521,2470.553500532423,2780.148923527175,1,1,1,1,0,-1,-1,1
522,1339.2738642755885,2780.148923527175,1,1,1,1,-1,-1,-1,1
523,1260.4223600852713,2780.148923527175,1,1,1,1,1,0,-1,1
524,2396.4820458869863,2780.148923527175,1,0,1,1,1,-1,-1,1
525,2263.4040480539265,2780.148923527175,1,1,1,1,1,-1,0,1
526,715.5160012648229,2780.148923527175,1,-1,1,1,1,-1,-1,1
527,2371.0740130996023,2780.148923527175,0,1,1,1,1,-1,-1,1
528,2533.4660616669926,2780.148923527175,1,1,1,1,1,-1,-1,0
529,2760.991900511706,2780.148923527175,1,1,0,1,1,-1,-1,1
530,2760.991900511706,2780.148923527175,1,1,0,1,1,-1,-1,1
531,2371.0740130996023,2780.148923527175,0,1,1,1,1,-1,-1,1
532,132.26070982341844,2780.148923527175,1,1,1,1,1,1,-1,1
533,132.26070982341844,2780.148923527175,1,1,1,1,1,1,-1,1
534,589.1514213764916,2780.148923527175,-1,1,1,1,1,-1,-1,1
535,2470.553500532423,2780.148923527175,1,1,1,1,0,-1,-1,1
536,2470.553500532423,2780.148923527175,1,1,1,1,0,-1,-1,1
537,2470.553500532423,2780.148923527175,1,1,1,1,0,-1,-1,1
538,2747.380189183525,2780.148923527175,1,1,1,-1,1,-1,-1,1
539,715.0528224389111,2780.148923527175,1,1,1,1,1,-1,1,1
540,1260.4223600852713,2780.148923527175,1,1,1,1,1,0,-1,1
541,715.5160012648229,2780.148923527175,1,-1,1,1,1,-1,-1,1
542,589.1514213764916,2780.148923527175,-1,1,1,1,1,-1,-1,1
543,715.0528224389111,2780.148923527175,1,1,1,1,1,-1,1,1
544,132.26070982341844,2780.148923527175,1,1,1,1,1,1,-1,1
545,132.26070982341844,2780.148923527175,1,1,1,1,1,1,-1,1
546,715.0528224389111,2780.148923527175,1,1,1,1,1,-1,1,1
547,132.26070982341844,2780.148923527175,1,1,1,1,1,1,-1,1
548,2734.2918020304464,2780.148923527175,1,1,-1,1,1,-1,-1,1
549,715.5160012648229,2780.148923527175,1,-1,1,1,1,-1,-1,1
550,1339.2738642755885,2780.148923527175,1,1,1,1,-1,-1,-1,1
551,2760.991900511706,2780.148923527175,1,1,0,1,1,-1,-1,1
552,1339.2738642755885,2780.148923527175,1,1,1,1,-1,-1,-1,1
553,2263.4040480539265,2780.148923527175,1,1,1,1,1,-1,0,1
554,1559.049236871587,2780.148923527175,1,1,1,1,1,-1,-1,-1
555,1559.049236871587,2780.148923527175,1,1,1,1,1,-1,-1,-1
556,2263.4040480539265,2780.148923527175,1,1,1,1,1,-1,0,1
557,1559.049236871587,2780.148923527175,1,1,1,1,1,-1,-1,-1
558,132.26070982341844,2780.148923527175,1,1,1,1,1,1,-1,1
559,2470.553500532423,2780.148923527175,1,1,1,1,0,-1,-1,1
560,2533.4660616669926,2780.148923527175,1,1,1,1,1,-1,-1,0
561,2470.553500532423,2780.148923527175,1,1,1,1,0,-1,-1,1
562,589.1514213764916,2780.148923527175,-1,1,1,1,1,-1,-1,1
563,2396.4820458869863,2780.148923527175,1,0,1,1,1,-1,-1,1
564,715.5160012648229,2780.148923527175,1,-1,1,1,1,-1,-1,1
565,715.5160012648229,2780.148923527175,1,-1,1,1,1,-1,-1,1
566,2371.0740130996023,2780.148923527175,0,1,1,1,1,-1,-1,1
567,2747.380189183525,2780.148923527175,1,1,1,-1,1,-1,-1,1
568,1559.049236871587,2780.148923527175,1,1,1,1,1,-1,-1,-1
569,1339.2738642755885,2780.148923527175,1,1,1,1,-1,-1,-1,1
570,589.1514213764916,2780.148923527175,-1,1,1,1,1,-1,-1,1
571,1339.2738642755885,2780.148923527175,1,1,1,1,-1,-1,-1,1
572,2263.4040480539265,2780.148923527175,1,1,1,1,1,-1,0,1
573,2371.0740130996023,2780.148923527175,0,1,1,1,1,-1,-1,1
574,1260.4223600852713,2780.148923527175,1,1,1,1,1,0,-1,1
575,2263.4040480539265,2780.148923527175,1,1,1,1,1,-1,0,1
576,1339.2738642755885,2780.148923527175,1,1,1,1,-1,-1,-1,1
577,2396.4820458869863,2780.148923527175,1,0,1,1,1,-1,-1,1
578,2263.4040480539265,2780.148923527175,1,1,1,1,1,-1,0,1
579,2470.553500532423,2780.148923527175,1,1,1,1,0,-1,-1,1
580,1339.2738642755885,2780.148923527175,1,1,1,1,-1,-1,-1,1
581,2760.991900511706,2780.148923527175,1,1,0,1,1,-1,-1,1
582,1260.4223600852713,2780.148923527175,1,1,1,1,1,0,-1,1
583,715.5160012648229,2780.148923527175,1,-1,1,1,1,-1,-1,1
584,2470.553500532423,2780.148923527175,1,1,1,1,0,-1,-1,1
585,132.26070982341844,2780.148923527175,1,1,1,1,1,1,-1,1
586,1260.4223600852713,2780.148923527175,1,1,1,1,1,0,-1,1
587,2760.991900511706,2780.148923527175,1,1,0,1,1,-1,-1,1
588,2765.958208378487,2780.148923527175,1,1,1,0,1,-1,-1,1
589,2396.4820458869863,2780.148923527175,1,0,1,1,1,-1,-1,1
590,2734.2918020304464,2780.148923527175,1,1,-1,1,1,-1,-1,1
591,2765.958208378487,2780.148923527175,1,1,1,0,1,-1,-1,1
592,2760.991900511706,2780.148923527175,1,1,0,1,1,-1,-1,1
593,715.0528224389111,2780.148923527175,1,1,1,1,1,-1,1,1
594,132.26070982341844,2780.148923527175,1,1,1,1,1,1,-1,1
595,589.1514213764916,2780.148923527175,-1,1,1,1,1,-1,-1,1
596,132.26070982341844,2780.148923527175,1,1,1,1,1,1,-1,1
597,2734.2918020304464,2780.148923527175,1,1,-1,1,1,-1,-1,1
598,2734.2918020304464,2780.148923527175,1,1,-1,1,1,-1,-1,1
599,1339.2738642755885,2780.148923527175,1,1,1,1,-1,-1,-1,1
600,589.1514213764916,2780.148923527175,-1,1,1,1,1,-1,-1,1
601,2734.2918020304464,2780.148923527175,1,1,-1,1,1,-1,-1,1
602,715.5160012648229,2780.148923527175,1,-1,1,1,1,-1,-1,1
603,2470.553500532423,2780.148923527175,1,1,1,1,0,-1,-1,1
604,2263.4040480539265,2780.148923527175,1,1,1,1,1,-1,0,1
605,2470.553500532423,2780.148923527175,1,1,1,1,0,-1,-1,1
606,132.26070982341844,2780.148923527175,1,1,1,1,1,1,-1,1
607,2747.380189183525,2780.148923527175,1,1,1,-1,1,-1,-1,1
608,2765.958208378487,2780.148923527175,1,1,1,0,1,-1,-1,1
609,2760.991900511706,2780.148923527175,1,1,0,1,1,-1,-1,1
610,2760.991900511706,2780.148923527175,1,1,0,1,1,-1,-1,1
611,2747.380189183525,2780.148923527175,1,1,1,-1,1,-1,-1,1
612,2396.4820458869863,2780.148923527175,1,0,1,1,1,-1,-1,1
613,132.26070982341844,2780.148923527175,1,1,1,1,1,1,-1,1
614,1559.049236871587,2780.148923527175,1,1,1,1,1,-1,-1,-1
615,2371.0740130996023,2780.148923527175,0,1,1,1,1,-1,-1,1
616,2765.958208378487,2780.148923527175,1,1,1,0,1,-1,-1,1
617,132.26070982341844,2780.148923527175,1,1,1,1,1,1,-1,1
618,2734.2918020304464,2780.148923527175,1,1,-1,1,1,-1,-1,1
619,2765.958208378487,2780.148923527175,1,1,1,0,1,-1,-1,1
620,2734.2918020304464,2780.148923527175,1,1,-1,1,1,-1,-1,1
621,2533.4660616669926,2780.148923527175,1,1,1,1,1,-1,-1,0
622,1339.2738642755885,2780.148923527175,1,1,1,1,-1,-1,-1,1
623,2765.958208378487,2780.148923527175,1,1,1,0,1,-1,-1,1
624,1260.4223600852713,2780.148923527175,1,1,1,1,1,0,-1,1
625,589.1514213764916,2780.148923527175,-1,1,1,1,1,-1,-1,1
626,1339.2738642755885,2780.148923527175,1,1,1,1,-1,-1,-1,1
627,2533.4660616669926,2780.148923527175,1,1,1,1,1,-1,-1,0
628,2760.991900511706,2780.148923527175,1,1,0,1,1,-1,-1,1
629,2371.0740130996023,2780.148923527175,0,1,1,1,1,-1,-1,1
630,2734.2918020304464,2780.148923527175,1,1,-1,1,1,-1,-1,1
631,132.26070982341844,2780.148923527175,1,1,1,1,1,1,-1,1
632,589.1514213764916,2780.148923527175,-1,1,1,1,1,-1,-1,1
633,715.5160012648229,2780.148923527175,1,-1,1,1,1,-1,-1,1
634,2533.4660616669926,2780.148923527175,1,1,1,1,1,-1,-1,0
635,132.26070982341844,2780.148923527175,1,1,1,1,1,1,-1,1
636,2371.0740130996023,2780.148923527175,0,1,1,1,1,-1,-1,1
637,2396.4820458869863,2780.148923527175,1,0,1,1,1,-1,-1,1
638,1339.2738642755885,2780.148923527175,1,1,1,1,-1,-1,-1,1
639,2470.553500532423,2780.148923527175,1,1,1,1,0,-1,-1,1
640,2747.380189183525,2780.148923527175,1,1,1,-1,1,-1,-1,1
641,2263.4040480539265,2780.148923527175,1,1,1,1,1,-1,0,1
642,2747.380189183525,2780.148923527175,1,1,1,-1,1,-1,-1,1
643,2533.4660616669926,2780.148923527175,1,1,1,1,1,-1,-1,0
644,1559.049236871587,2780.148923527175,1,1,1,1,1,-1,-1,-1
645,2396.4820458869863,2780.148923527175,1,0,1,1,1,-1,-1,1
646,2396.4820458869863,2780.148923527175,1,0,1,1,1,-1,-1,1
647,2765.958208378487,2780.148923527175,1,1,1,0,1,-1,-1,1
648,2263.4040480539265,2780.148923527175,1,1,1,1,1,-1,0,1
649,2470.553500532423,2780.148923527175,1,1,1,1,0,-1,-1,1
650,2263.4040480539265,2780.148923527175,1,1,1,1,1,-1,0,1
651,2470.553500532423,2780.148923527175,1,1,1,1,0,-1,-1,1
652,715.5160012648229,2780.148923527175,1,-1,1,1,1,-1,-1,1
653,1559.049236871587,2780.148923527175,1,1,1,1,1,-1,-1,-1
654,2470.553500532423,2780.148923527175,1,1,1,1,0,-1,-1,1
655,715.5160012648229,2780.148923527175,1,-1,1,1,1,-1,-1,1
656,2747.380189183525,2780.148923527175,1,1,1,-1,1,-1,-1,1
657,715.5160012648229,2780.148923527175,1,-1,1,1,1,-1,-1,1
658,2263.4040480539265,2780.148923527175,1,1,1,1,1,-1,0,1
659,2263.4040480539265,2780.148923527175,1,1,1,1,1,-1,0,1
660,715.5160012648229,2780.148923527175,1,-1,1,1,1,-1,-1,1
661,2734.2918020304464,2780.148923527175,1,1,-1,1,1,-1,-1,1
662,1339.2738642755885,2780.148923527175,1,1,1,1,-1,-1,-1,1
663,2396.4820458869863,2780.148923527175,1,0,1,1,1,-1,-1,1
664,2533.4660616669926,2780.148923527175,1,1,1,1,1,-1,-1,0
665,1260.4223600852713,2780.148923527175,1,1,1,1,1,0,-1,1
666,2470.553500532423,2780.148923527175,1,1,1,1,0,-1,-1,1
667,2760.991900511706,2780.148923527175,1,1,0,1,1,-1,-1,1
668,2765.958208378487,2780.148923527175,1,1,1,0,1,-1,-1,1
669,2533.4660616669926,2780.148923527175,1,1,1,1,1,-1,-1,0
670,1339.2738642755885,2780.148923527175,1,1,1,1,-1,-1,-1,1
671,2263.4040480539265,2780.148923527175,1,1,1,1,1,-1,0,1
672,1260.4223600852713,2780.148923527175,1,1,1,1,1,0,-1,1
673,1559.049236871587,2780.148923527175,1,1,1,1,1,-1,-1,-1
674,715.5160012648229,2780.148923527175,1,-1,1,1,1,-1,-1,1
675,2533.4660616669926,2780.148923527175,1,1,1,1,1,-1,-1,0
676,2263.4040480539265,2780.148923527175,1,1,1,1,1,-1,0,1
677,715.5160012648229,2780.148923527175,1,-1,1,1,1,-1,-1,1
678,2533.4660616669926,2780.148923527175,1,1,1,1,1,-1,-1,0
679,2371.0740130996023,2780.148923527175,0,1,1,1,1,-1,-1,1
680,2765.958208378487,2780.148923527175,1,1,1,0,1,-1,-1,1
681,2765.958208378487,2780.148923527175,1,1,1,0,1,-1,-1,1
682,1260.4223600852713,2780.148923527175,1,1,1,1,1,0,-1,1
683,1339.2738642755885,2780.148923527175,1,1,1,1,-1,-1,-1,1
684,2263.4040480539265,2780.148923527175,1,1,1,1,1,-1,0,1
685,2747.380189183525,2780.148923527175,1,1,1,-1,1,-1,-1,1
686,2765.958208378487,2780.148923527175,1,1,1,0,1,-1,-1,1
687,1559.049236871587,2780.148923527175,1,1,1,1,1,-1,-1,-1
688,2533.4660616669926,2780.148923527175,1,1,1,1,1,-1,-1,0
689,1260.4223600852713,2780.148923527175,1,1,1,1,1,0,-1,1
690,1339.2738642755885,2780.148923527175,1,1,1,1,-1,-1,-1,1
691,715.5160012648229,2780.148923527175,1,-1,1,1,1,-1,-1,1
692,2396.4820458869863,2780.148923527175,1,0,1,1,1,-1,-1,1
693,1339.2738642755885,2780.148923527175,1,1,1,1,-1,-1,-1,1
694,2470.553500532423,2780.148923527175,1,1,1,1,0,-1,-1,1
695,2396.4820458869863,2780.148923527175,1,0,1,1,1,-1,-1,1
696,2371.0740130996023,2780.148923527175,0,1,1,1,1,-1,-1,1
697,2371.0740130996023,2780.148923527175,0,1,1,1,1,-1,-1,1
698,2765.958208378487,2780.148923527175,1,1,1,0,1,-1,-1,1
699,1559.049236871587,2780.148923527175,1,1,1,1,1,-1,-1,-1
700,2765.958208378487,2780.148923527175,1,1,1,0,1,-1,-1,1
701,1339.2738642755885,2780.148923527175,1,1,1,1,-1,-1,-1,1
702,2747.380189183525,2780.148923527175,1,1,1,-1,1,-1,-1,1
703,2263.4040480539265,2780.148923527175,1,1,1,1,1,-1,0,1
704,2396.4820458869863,2780.148923527175,1,0,1,1,1,-1,-1,1
705,2747.380189183525,2780.148923527175,1,1,1,-1,1,-1,-1,1
706,2760.991900511706,2780.148923527175,1,1,0,1,1,-1,-1,1
707,2760.991900511706,2780.148923527175,1,1,0,1,1,-1,-1,1
708,715.5160012648229,2780.148923527175,1,-1,1,1,1,-1,-1,1
709,132.26070982341844,2780.148923527175,1,1,1,1,1,1,-1,1
710,2371.0740130996023,2780.148923527175,0,1,1,1,1,-1,-1,1
711,2470.553500532423,2780.148923527175,1,1,1,1,0,-1,-1,1
712,2371.0740130996023,2780.148923527175,0,1,1,1,1,-1,-1,1
713,2263.4040480539265,2780.148923527175,1,1,1,1,1,-1,0,1
714,2533.4660616669926,2780.148923527175,1,1,1,1,1,-1,-1,0
715,2734.2918020304464,2780.148923527175,1,1,-1,1,1,-1,-1,1
716,715.0528224389111,2780.148923527175,1,1,1,1,1,-1,1,1
717,1339.2738642755885,2780.148923527175,1,1,1,1,-1,-1,-1,1
718,715.0528224389111,2780.148923527175,1,1,1,1,1,-1,1,1
719,715.5160012648229,2780.148923527175,1,-1,1,1,1,-1,-1,1
720,715.0528224389111,2780.148923527175,1,1,1,1,1,-1,1,1
721,1339.2738642755885,2780.148923527175,1,1,1,1,-1,-1,-1,1
722,715.0528224389111,2780.148923527175,1,1,1,1,1,-1,1,1
723,589.1514213764916,2780.148923527175,-1,1,1,1,1,-1,-1,1
724,2470.553500532423,2780.148923527175,1,1,1,1,0,-1,-1,1
725,715.5160012648229,2780.148923527175,1,-1,1,1,1,-1,-1,1
726,2765.958208378487,2780.148923527175,1,1,1,0,1,-1,-1,1
727,2734.2918020304464,2780.148923527175,1,1,-1,1,1,-1,-1,1
728,589.1514213764916,2780.148923527175,-1,1,1,1,1,-1,-1,1
729,2747.380189183525,2780.148923527175,1,1,1,-1,1,-1,-1,1
730,1339.2738642755885,2780.148923527175,1,1,1,1,-1,-1,-1,1
731,2734.2918020304464,2780.148923527175,1,1,-1,1,1,-1,-1,1
732,132.26070982341844,2780.148923527175,1,1,1,1,1,1,-1,1
733,2734.2918020304464,2780.148923527175,1,1,-1,1,1,-1,-1,1
734,2533.4660616669926,2780.148923527175,1,1,1,1,1,-1,-1,0
735,589.1514213764916,2780.148923527175,-1,1,1,1,1,-1,-1,1
736,1260.4223600852713,2780.148923527175,1,1,1,1,1,0,-1,1
737,1339.2738642755885,2780.148923527175,1,1,1,1,-1,-1,-1,1
738,2470.553500532423,2780.148923527175,1,1,1,1,0,-1,-1,1
739,132.26070982341844,2780.148923527175,1,1,1,1,1,1,-1,1
740,715.5160012648229,2780.148923527175,1,-1,1,1,1,-1,-1,1
741,2533.4660616669926,2780.148923527175,1,1,1,1,1,-1,-1,0
742,2263.4040480539265,2780.148923527175,1,1,1,1,1,-1,0,1
743,715.5160012648229,2780.148923527175,1,-1,1,1,1,-1,-1,1
744,2371.0740130996023,2780.148923527175,0,1,1,1,1,-1,-1,1
745,2760.991900511706,2780.148923527175,1,1,0,1,1,-1,-1,1
746,2470.553500532423,2780.148923527175,1,1,1,1,0,-1,-1,1
747,2470.553500532423,2780.148923527175,1,1,1,1,0,-1,-1,1
748,2533.4660616669926,2780.148923527175,1,1,1,1,1,-1,-1,0
749,1559.049236871587,2780.148923527175,1,1,1,1,1,-1,-1,-1
750,1260.4223600852713,2780.148923527175,1,1,1,1,1,0,-1,1
751,2470.553500532423,2780.148923527175,1,1,1,1,0,-1,-1,1
752,2765.958208378487,2780.148923527175,1,1,1,0,1,-1,-1,1
753,2371.0740130996023,2780.148923527175,0,1,1,1,1,-1,-1,1
754,132.26070982341844,2780.148923527175,1,1,1,1,1,1,-1,1
755,715.0528224389111,2780.148923527175,1,1,1,1,1,-1,1,1
756,2533.4660616669926,2780.148923527175,1,1,1,1,1,-1,-1,0
757,1339.2738642755885,2780.148923527175,1,1,1,1,-1,-1,-1,1
758,1339.2738642755885,2780.148923527175,1,1,1,1,-1,-1,-1,1
759,2747.380189183525,2780.148923527175,1,1,1,-1,1,-1,-1,1
760,2734.2918020304464,2780.148923527175,1,1,-1,1,1,-1,-1,1
761,2371.0740130996023,2780.148923527175,0,1,1,1,1,-1,-1,1
762,1260.4223600852713,2780.148923527175,1,1,1,1,1,0,-1,1
763,2470.553500532423,2780.148923527175,1,1,1,1,0,-1,-1,1
764,2533.4660616669926,2780.148923527175,1,1,1,1,1,-1,-1,0
765,2747.380189183525,2780.148923527175,1,1,1,-1,1,-1,-1,1
766,1339.2738642755885,2780.148923527175,1,1,1,1,-1,-1,-1,1
767,1260.4223600852713,2780.148923527175,1,1,1,1,1,0,-1,1
768,1559.049236871587,2780.148923527175,1,1,1,1,1,-1,-1,-1
769,2533.4660616669926,2780.148923527175,1,1,1,1,1,-1,-1,0
770,2747.380189183525,2780.148923527175,1,1,1,-1,1,-1,-1,1
771,1559.049236871587,2780.148923527175,1,1,1,1,1,-1,-1,-1
772,2765.958208378487,2780.148923527175,1,1,1,0,1,-1,-1,1
773,2533.4660616669926,2780.148923527175,1,1,1,1,1,-1,-1,0
Best param = [1,1,1,1,1,-1,-1,1]
